2025-07-11 09:48:12, 55,1.2041015625
2025-07-11 09:48:12, 55,0.6376953125
2025-07-11 09:48:14, 54,1.1572265625
2025-07-11 09:48:15, 55,1.015625
2025-07-11 09:48:16, 55,1.0166015625
2025-07-11 09:48:16, 55,0.8935546875
2025-07-11 09:48:17, 56,0.6591796875
2025-07-11 09:48:18, 56,1.2275390625
2025-07-11 09:48:20, 56,1.197265625
2025-07-11 09:48:21, 57,1.0546875
2025-07-11 09:48:22, 57,1.1103515625
2025-07-11 09:48:23, 58,1.0322265625
2025-07-11 09:48:23, 58,0.6640625
2025-07-11 09:48:25, 58,1.1455078125
2025-07-11 09:48:26, 57,1.177734375
2025-07-11 09:48:27, 57,1.0908203125
2025-07-11 09:48:28, 55,1.1826171875
2025-07-11 09:48:29, 54,1.1513671875
2025-07-11 09:48:30, 54,1.1494140625
2025-07-11 09:48:31, 54,1.087890625
2025-07-11 09:48:32, 54,0.6435546875
2025-07-11 09:48:33, 54,1.19921875
2025-07-11 09:48:34, 54,1.1904296875
2025-07-11 09:48:36, 54,1.0615234375
2025-07-11 09:48:37, 53,1.1669921875
2025-07-11 09:48:38, 53,1.130859375
2025-07-11 09:48:38, 53,0.673828125
2025-07-11 09:48:40, 52,1.333984375
2025-07-11 09:48:41, 52,1.193359375
2025-07-11 09:48:42, 51,1.158203125
2025-07-11 09:48:44, 52,1.05078125
2025-07-11 09:48:44, 52,1.1279296875
2025-07-11 09:48:45, 52,0.6611328125
2025-07-11 09:48:46, 52,1.2587890625
2025-07-11 09:48:47, 51,1.201171875
2025-07-11 09:48:49, 52,1.1083984375
2025-07-11 09:48:50, 52,1.1259765625
2025-07-11 09:48:51, 52,1.0634765625
2025-07-11 09:48:52, 52,0.912109375
2025-07-11 09:48:52, 52,0.6513671875
2025-07-11 09:48:54, 52,1.236328125
2025-07-11 09:48:55, 53,1.1123046875
2025-07-11 09:48:56, 52,1.1044921875
2025-07-11 09:48:57, 53,1.146484375
2025-07-11 09:48:58, 53,1.0908203125
2025-07-11 09:49:00, 53,1.2119140625
2025-07-11 09:49:00, 53,1.1123046875
2025-07-11 09:49:01, 53,0.990234375
2025-07-11 09:49:02, 53,0.673828125
2025-07-11 09:49:03, 53,1.2451171875
2025-07-11 09:49:04, 53,1.130859375
2025-07-11 09:49:06, 53,1.08203125
2025-07-11 09:49:08, 54,1.12109375
2025-07-11 09:49:08, 54,1.1123046875
2025-07-11 09:49:08, 54,0.681640625
2025-07-11 09:49:10, 53,1.208984375
2025-07-11 09:49:11, 53,1.1943359375
2025-07-11 09:49:12, 53,1.06640625
2025-07-11 09:49:14, 53,1.087890625
2025-07-11 09:49:15, 53,0.9970703125
2025-07-11 09:49:16, 54,0.9150390625
2025-07-11 09:49:16, 54,0.6455078125
2025-07-11 09:49:17, 54,1.2314453125
2025-07-11 09:49:18, 54,1.158203125
2025-07-11 09:49:19, 54,1.0166015625
2025-07-11 09:49:20, 55,1.060546875
2025-07-11 09:49:21, 55,1.099609375
2025-07-11 09:49:22, 55,0.904296875
2025-07-11 09:49:23, 55,0.6474609375
2025-07-11 09:49:24, 54,1.244140625
2025-07-11 09:49:25, 54,1.0888671875
2025-07-11 09:49:26, 55,1.080078125
2025-07-11 09:49:27, 55,1.083984375
2025-07-11 09:49:28, 55,1.0419921875
2025-07-11 09:49:29, 56,1.0
2025-07-11 09:49:31, 56,0.9365234375
2025-07-11 09:49:31, 57,0.9755859375
2025-07-11 09:49:32, 57,0.9677734375
2025-07-11 09:49:33, 58,0.9462890625
2025-07-11 09:49:34, 58,1.080078125
2025-07-11 09:49:35, 57,1.115234375
2025-07-11 09:49:36, 57,1.1767578125
2025-07-11 09:49:38, 57,1.052734375
2025-07-11 09:49:38, 57,1.046875
2025-07-11 09:49:39, 57,1.0234375
2025-07-11 09:49:40, 57,0.9853515625
2025-07-11 09:49:41, 58,1.009765625
2025-07-11 09:49:44, 58,1.0869140625
2025-07-11 09:49:44, 58,1.0546875
2025-07-11 09:49:46, 58,1.087890625
2025-07-11 09:49:46, 57,1.0810546875
2025-07-11 09:49:47, 57,1.048828125
2025-07-11 09:49:48, 57,0.931640625
2025-07-11 09:49:50, 57,0.8193359375
2025-07-11 09:49:50, 57,0.7880859375
2025-07-11 09:49:50, 59,0.7724609375
2025-07-11 09:49:52, 59,0.806640625
2025-07-11 09:49:52, 62,0.923828125
2025-07-11 09:49:52, 62,0.625
2025-07-11 09:49:54, 62,1.2568359375
2025-07-11 09:49:56, 61,1.0712890625
2025-07-11 09:49:57, 61,1.0263671875
2025-07-11 09:49:58, 61,1.09375
2025-07-11 09:49:58, 61,1.0791015625
2025-07-11 09:49:59, 61,0.978515625
2025-07-11 09:50:01, 61,1.0791015625
2025-07-11 09:50:01, 61,1.0234375
2025-07-11 09:50:02, 61,0.9716796875
2025-07-11 09:50:04, 62,1.0927734375
2025-07-11 09:50:04, 61,1.12890625
2025-07-11 09:50:05, 61,0.626953125
2025-07-11 09:50:06, 59,1.2255859375
2025-07-11 09:50:08, 57,1.1630859375
2025-07-11 09:50:08, 57,0.98046875
2025-07-11 09:50:10, 57,0.65625
2025-07-11 09:50:10, 57,1.30859375
2025-07-11 09:50:11, 56,1.15625
2025-07-11 09:50:14, 55,1.130859375
2025-07-11 09:50:14, 55,1.1259765625
2025-07-11 09:50:16, 55,0.9951171875
2025-07-11 09:50:17, 56,1.029296875
2025-07-11 09:50:17, 55,1.1650390625
2025-07-11 09:50:18, 55,1.04296875
2025-07-11 09:50:19, 55,0.6767578125
2025-07-11 09:50:20, 54,1.23828125
2025-07-11 09:50:22, 54,1.095703125
2025-07-11 09:50:22, 54,1.0673828125
2025-07-11 09:50:23, 54,1.0078125
2025-07-11 09:50:24, 55,1.0087890625
2025-07-11 09:50:25, 55,0.9814453125
2025-07-11 09:50:27, 56,0.646484375
2025-07-11 09:50:28, 56,1.1533203125
2025-07-11 09:50:28, 55,1.1103515625
2025-07-11 09:50:30, 55,0.9921875
2025-07-11 09:50:30, 56,0.990234375
2025-07-11 09:50:31, 57,1.0205078125
2025-07-11 09:50:33, 57,0.9560546875
2025-07-11 09:50:34, 57,0.90234375
2025-07-11 09:50:34, 59,0.7998046875
2025-07-11 09:50:34, 59,0.828125
2025-07-11 09:50:36, 59,0.7890625
2025-07-11 09:50:36, 63,0.7607421875
2025-07-11 09:50:38, 66,0.734375
2025-07-11 09:50:38, 66,0.7216796875
2025-07-11 09:50:39, 66,0.7431640625
2025-07-11 09:50:40, 70,0.7255859375
2025-07-11 09:50:40, 74,0.73046875
2025-07-11 09:50:40, 74,0.7255859375
2025-07-11 09:50:41, 74,0.7099609375
2025-07-11 09:50:42, 78,0.6884765625
2025-07-11 09:50:42, 78,0.669921875
2025-07-11 09:50:44, 81,0.6650390625
2025-07-11 09:50:45, 83,0.6591796875
2025-07-11 09:50:45, 83,0.689453125
2025-07-11 09:50:46, 83,0.70703125
2025-07-11 09:50:46, 84,0.7060546875
2025-07-11 09:50:47, 84,0.75390625
2025-07-11 09:50:47, 84,0.7138671875
2025-07-11 09:50:48, 84,0.8447265625
2025-07-11 09:50:49, 84,0.623046875
2025-07-11 09:50:51, 84,1.2392578125
2025-07-11 09:50:52, 84,1.01171875
2025-07-11 09:50:52, 83,1.1142578125
2025-07-11 09:50:53, 81,1.1328125
2025-07-11 09:50:54, 78,1.1669921875
2025-07-11 09:50:55, 75,1.091796875
2025-07-11 09:50:57, 73,1.0126953125
2025-07-11 09:50:58, 73,0.91015625
2025-07-11 09:50:58, 69,0.84375
2025-07-11 09:50:59, 69,0.8876953125
2025-07-11 09:51:00, 66,0.884765625
2025-07-11 09:51:01, 66,0.8759765625
2025-07-11 09:51:03, 64,0.84375
2025-07-11 09:51:04, 64,0.869140625
2025-07-11 09:51:04, 64,0.85546875
2025-07-11 09:51:04, 64,0.802734375
2025-07-11 09:51:05, 65,0.81640625
2025-07-11 09:51:06, 65,0.822265625
2025-07-11 09:51:07, 68,0.7841796875
2025-07-11 09:51:07, 68,0.81640625
2025-07-11 09:51:09, 70,0.8544921875
2025-07-11 09:51:10, 70,0.6357421875
2025-07-11 09:51:11, 70,0.998046875
2025-07-11 09:51:11, 70,1.01171875
2025-07-11 09:51:12, 70,0.9609375
2025-07-11 09:51:14, 69,0.9033203125
2025-07-11 09:51:15, 69,0.8798828125
2025-07-11 09:51:15, 69,0.6181640625
2025-07-11 09:51:16, 69,0.9638671875
2025-07-11 09:51:17, 69,0.6376953125
2025-07-11 09:51:17, 68,1.0478515625
2025-07-11 09:51:18, 68,0.9736328125
2025-07-11 09:51:20, 66,1.0048828125
2025-07-11 09:51:21, 66,0.9814453125
2025-07-11 09:51:22, 65,0.60546875
2025-07-11 09:51:22, 64,0.9541015625
2025-07-11 09:51:22, 64,0.6494140625
2025-07-11 09:51:23, 64,0.927734375
2025-07-11 09:51:24, 63,0.78515625
2025-07-11 09:51:26, 64,0.7587890625
2025-07-11 09:51:26, 64,0.7734375
2025-07-11 09:51:27, 64,0.7734375
2025-07-11 09:51:28, 67,0.7509765625
2025-07-11 09:51:28, 67,0.8779296875
2025-07-11 09:51:28, 67,0.6416015625
2025-07-11 09:51:30, 67,1.189453125
2025-07-11 09:51:32, 67,1.1318359375
2025-07-11 09:51:33, 68,0.8837890625
2025-07-11 09:51:33, 68,0.6484375
2025-07-11 09:51:34, 68,1.1796875
2025-07-11 09:51:35, 68,1.142578125
2025-07-11 09:51:36, 68,1.1787109375
2025-07-11 09:51:38, 67,1.076171875
2025-07-11 09:51:39, 67,0.974609375
2025-07-11 09:51:40, 67,0.9140625
2025-07-11 09:51:40, 67,0.642578125
2025-07-11 09:51:40, 67,0.9931640625
2025-07-11 09:51:41, 67,0.654296875
2025-07-11 09:51:42, 67,0.94921875
2025-07-11 09:51:44, 67,0.822265625
2025-07-11 09:51:45, 70,0.798828125
2025-07-11 09:51:45, 70,0.8154296875
2025-07-11 09:51:46, 70,0.8271484375
2025-07-11 09:51:46, 70,0.7861328125
2025-07-11 09:51:47, 69,0.8505859375
2025-07-11 09:51:49, 68,1.0546875
2025-07-11 09:51:50, 66,1.0224609375
2025-07-11 09:51:51, 65,1.0498046875
2025-07-11 09:51:52, 65,0.9140625
2025-07-11 09:51:53, 65,0.9736328125
2025-07-11 09:51:53, 65,1.05078125
2025-07-11 09:51:55, 65,0.9501953125
2025-07-11 09:51:56, 65,1.0458984375
2025-07-11 09:51:57, 64,1.0576171875
2025-07-11 09:51:58, 64,0.931640625
2025-07-11 09:51:58, 63,0.650390625
2025-07-11 09:51:59, 63,1.1787109375
2025-07-11 09:52:01, 62,1.0009765625
2025-07-11 09:52:02, 61,1.025390625
2025-07-11 09:52:03, 61,0.796875
2025-07-11 09:52:03, 61,0.7294921875
2025-07-11 09:52:04, 61,0.9091796875
2025-07-11 09:52:05, 60,0.6337890625
2025-07-11 09:52:05, 60,1.23828125
2025-07-11 09:52:07, 60,1.048828125
2025-07-11 09:52:08, 60,0.94921875
2025-07-11 09:52:09, 59,0.64453125
2025-07-11 09:52:10, 60,0.953125
2025-07-11 09:52:10, 60,0.6328125
2025-07-11 09:52:10, 60,0.8701171875
2025-07-11 09:52:11, 61,0.763671875
2025-07-11 09:52:13, 63,0.7392578125
2025-07-11 09:52:13, 63,0.7275390625
2025-07-11 09:52:14, 63,0.71875
2025-07-11 09:52:15, 67,0.705078125
2025-07-11 09:52:16, 71,0.7255859375
2025-07-11 09:52:16, 71,0.728515625
2025-07-11 09:52:16, 71,0.7587890625
2025-07-11 09:52:17, 74,0.8115234375
2025-07-11 09:52:19, 74,0.7802734375
2025-07-11 09:52:20, 76,0.8583984375
2025-07-11 09:52:20, 76,0.609375
2025-07-11 09:52:21, 76,0.9296875
2025-07-11 09:52:22, 76,0.6123046875
2025-07-11 09:52:23, 76,0.93359375
2025-07-11 09:52:23, 76,0.625
2025-07-11 09:52:23, 76,0.94921875
2025-07-11 09:52:25, 76,0.623046875
2025-07-11 09:52:26, 75,1.0
2025-07-11 09:52:27, 75,0.892578125
2025-07-11 09:52:28, 74,0.8037109375
2025-07-11 09:52:28, 74,0.787109375
2025-07-11 09:52:28, 73,0.7919921875
2025-07-11 09:52:29, 73,0.8251953125
2025-07-11 09:52:31, 71,0.83984375
2025-07-11 09:52:32, 70,0.8291015625
2025-07-11 09:52:32, 70,0.83203125
2025-07-11 09:52:33, 70,0.6416015625
2025-07-11 09:52:34, 69,0.9453125
2025-07-11 09:52:34, 69,0.634765625
2025-07-11 09:52:36, 68,0.95703125
2025-07-11 09:52:36, 68,0.6298828125
2025-07-11 09:52:37, 68,0.974609375
2025-07-11 09:52:38, 68,0.9345703125
2025-07-11 09:52:39, 68,0.861328125
2025-07-11 09:52:40, 68,0.900390625
2025-07-11 09:52:40, 69,0.86328125
2025-07-11 09:52:42, 69,0.8427734375
2025-07-11 09:52:42, 69,0.8203125
2025-07-11 09:52:43, 69,0.818359375
2025-07-11 09:52:44, 69,0.8447265625
2025-07-11 09:52:45, 69,0.6259765625
2025-07-11 09:52:46, 68,0.94140625
2025-07-11 09:52:46, 69,0.81640625
2025-07-11 09:52:46, 69,0.8193359375
2025-07-11 09:52:48, 69,0.875
2025-07-11 09:52:49, 68,0.6220703125
2025-07-11 09:52:50, 68,1.119140625
2025-07-11 09:52:51, 68,1.125
2025-07-11 09:52:52, 68,1.0
2025-07-11 09:52:53, 68,0.6708984375
2025-07-11 09:52:54, 68,1.064453125
2025-07-11 09:52:55, 68,0.9462890625
2025-07-11 09:52:56, 68,0.93359375
2025-07-11 09:52:57, 69,0.8349609375
2025-07-11 09:52:57, 69,0.8779296875
2025-07-11 09:52:58, 69,0.814453125
2025-07-11 09:52:58, 69,0.8935546875
2025-07-11 09:53:00, 69,0.6533203125
2025-07-11 09:53:01, 67,1.076171875
2025-07-11 09:53:02, 67,0.98046875
2025-07-11 09:53:03, 66,0.8837890625
2025-07-11 09:53:04, 66,0.8583984375
2025-07-11 09:53:04, 66,0.771484375
2025-07-11 09:53:04, 66,0.7900390625
2025-07-11 09:53:06, 67,0.7529296875
2025-07-11 09:53:07, 70,0.7587890625
2025-07-11 09:53:07, 70,0.7333984375
2025-07-11 09:53:08, 70,0.736328125
2025-07-11 09:53:09, 73,0.7763671875
2025-07-11 09:53:10, 73,0.83984375
2025-07-11 09:53:11, 73,0.81640625
2025-07-11 09:53:11, 73,0.6005859375
2025-07-11 09:53:12, 73,0.3837890625
2025-07-11 09:53:22, 73,1.23828125
2025-07-11 09:53:22, 73,0.783203125
2025-07-11 09:53:24, 74,0.326171875
2025-07-11 09:53:24, 74,0.2958984375
2025-07-11 09:53:25, 74,1.078125
2025-07-11 09:53:26, 74,0.841796875
2025-07-11 09:53:27, 74,0.8720703125
2025-07-11 09:53:28, 74,0.7568359375
2025-07-11 09:53:29, 76,0.7783203125
2025-07-11 09:53:29, 76,0.763671875
2025-07-11 09:53:30, 77,0.7548828125
2025-07-11 09:53:31, 77,0.7412109375
2025-07-11 09:53:32, 77,0.724609375
2025-07-11 09:53:32, 77,0.7314453125
2025-07-11 09:53:33, 77,0.755859375
2025-07-11 09:53:34, 77,0.7763671875
2025-07-11 09:53:35, 77,0.76953125
2025-07-11 09:53:35, 77,0.75
2025-07-11 09:53:36, 78,0.7861328125
2025-07-11 09:53:37, 78,0.7666015625
2025-07-11 09:53:38, 78,0.8017578125
2025-07-11 09:53:39, 78,0.822265625
2025-07-11 09:53:39, 78,0.58984375
2025-07-11 09:53:40, 78,0.9326171875
2025-07-11 09:53:41, 78,0.5947265625
2025-07-11 09:53:42, 77,0.8935546875
2025-07-11 09:53:42, 77,0.595703125
2025-07-11 09:53:43, 77,0.79296875
2025-07-11 09:53:44, 77,0.5947265625
2025-07-11 09:53:44, 77,0.701171875
2025-07-11 09:53:45, 77,0.7021484375
2025-07-11 09:53:46, 78,0.7197265625
2025-07-11 09:53:46, 78,0.7216796875
2025-07-11 09:53:47, 78,0.72265625
2025-07-11 09:53:48, 78,0.7646484375
2025-07-11 09:53:49, 78,0.78515625
2025-07-11 09:53:50, 77,0.802734375
2025-07-11 09:53:50, 77,0.6005859375
2025-07-11 09:53:50, 77,0.3232421875
2025-07-11 09:53:51, 77,0.65625
2025-07-11 09:53:52, 77,0.837890625
2025-07-11 09:53:53, 77,0.806640625
2025-07-11 09:53:54, 77,0.7890625
2025-07-11 09:53:54, 77,0.7373046875
2025-07-11 09:53:55, 77,0.7314453125
2025-07-11 09:53:56, 79,0.7451171875
2025-07-11 09:53:57, 79,0.779296875
2025-07-11 09:53:57, 79,0.7275390625
2025-07-11 09:53:58, 79,0.9765625
2025-07-11 09:53:59, 79,1.0048828125
2025-07-11 09:54:00, 79,0.927734375
2025-07-11 09:54:01, 78,0.8115234375
2025-07-11 09:54:02, 78,0.767578125
2025-07-11 09:54:03, 78,0.73828125
2025-07-11 09:54:03, 78,0.7763671875
2025-07-11 09:54:04, 77,0.8134765625
2025-07-11 09:54:05, 77,0.8251953125
2025-07-11 09:54:06, 76,0.93359375
2025-07-11 09:54:07, 76,1.0615234375
2025-07-11 09:54:08, 75,1.07421875
2025-07-11 09:54:09, 75,0.6591796875
2025-07-11 09:54:10, 74,1.2119140625
2025-07-11 09:54:11, 71,1.1171875
2025-07-11 09:54:12, 71,0.951171875
2025-07-11 09:54:13, 70,0.66015625
2025-07-11 09:54:14, 70,1.2724609375
2025-07-11 09:54:15, 70,0.9453125
2025-07-11 09:54:16, 68,1.23046875
2025-07-11 09:54:17, 66,1.169921875
2025-07-11 09:54:18, 64,1.083984375
2025-07-11 09:54:19, 64,0.984375
2025-07-11 09:54:20, 62,0.9326171875
2025-07-11 09:54:21, 62,0.8193359375
2025-07-11 09:54:22, 62,0.806640625
2025-07-11 09:54:23, 62,0.8671875
2025-07-11 09:54:24, 61,0.9287109375
2025-07-11 09:54:24, 61,0.6044921875
2025-07-11 09:54:25, 61,1.197265625
2025-07-11 09:54:26, 60,1.0107421875
2025-07-11 09:54:27, 60,0.8349609375
2025-07-11 09:54:28, 60,0.607421875
2025-07-11 09:54:29, 60,0.8359375
2025-07-11 09:54:30, 60,0.806640625
2025-07-11 09:54:31, 61,0.8662109375
2025-07-11 09:54:32, 64,0.9208984375
2025-07-11 09:54:32, 64,0.8671875
2025-07-11 09:54:33, 64,0.8291015625
2025-07-11 09:54:34, 66,0.8125
2025-07-11 09:54:35, 66,0.908203125
2025-07-11 09:54:36, 67,0.9013671875
2025-07-11 09:54:37, 67,0.658203125
2025-07-11 09:54:38, 67,1.08203125
2025-07-11 09:54:39, 67,1.044921875
2025-07-11 09:54:40, 66,1.0048828125
2025-07-11 09:54:41, 66,0.9765625
2025-07-11 09:54:42, 64,1.0419921875
2025-07-11 09:54:43, 63,1.1337890625
2025-07-11 09:54:44, 62,1.185546875
2025-07-11 09:54:45, 61,1.146484375
2025-07-11 09:54:46, 60,1.0185546875
2025-07-11 09:54:47, 60,0.6591796875
2025-07-11 09:54:48, 60,1.296875
2025-07-11 09:54:49, 59,1.20703125
2025-07-11 09:54:50, 58,1.1044921875
2025-07-11 09:54:52, 56,1.1962890625
2025-07-11 09:54:53, 56,1.013671875
2025-07-11 09:54:54, 56,0.9296875
2025-07-11 09:54:55, 56,1.3349609375
2025-07-11 09:54:56, 56,1.203125
2025-07-11 09:54:57, 56,1.1904296875
2025-07-11 09:54:59, 56,1.1552734375
2025-07-11 09:55:00, 56,1.1748046875
2025-07-11 09:55:01, 55,1.15234375
2025-07-11 09:55:02, 55,1.2158203125
2025-07-11 09:55:03, 54,1.12109375
2025-07-11 09:55:04, 54,1.044921875
2025-07-11 09:55:05, 53,1.115234375
2025-07-11 09:55:06, 53,1.0498046875
2025-07-11 09:55:07, 53,0.9677734375
2025-07-11 09:55:08, 55,0.9970703125
2025-07-11 09:55:10, 55,1.17578125
2025-07-11 09:55:11, 54,1.1357421875
2025-07-11 09:55:12, 54,1.208984375
2025-07-11 09:55:13, 54,1.142578125
2025-07-11 09:55:14, 54,1.1171875
2025-07-11 09:55:15, 54,1.1982421875
2025-07-11 09:55:17, 53,1.1796875
2025-07-11 09:55:18, 52,1.2109375
2025-07-11 09:55:19, 53,1.080078125
2025-07-11 09:55:19, 53,0.6787109375
2025-07-11 09:55:21, 53,1.2158203125
2025-07-11 09:55:22, 52,1.0732421875
2025-07-11 09:55:23, 52,0.8837890625
2025-07-11 09:55:24, 52,0.85546875
2025-07-11 09:55:24, 52,0.98828125
2025-07-11 09:55:25, 53,0.9228515625
2025-07-11 09:55:26, 53,0.67578125
2025-07-11 09:55:27, 53,1.271484375
2025-07-11 09:55:29, 53,1.25
2025-07-11 09:55:30, 53,1.1826171875
2025-07-11 09:55:31, 53,1.1875
2025-07-11 09:55:32, 53,1.0810546875
2025-07-11 09:55:33, 53,1.04296875
2025-07-11 09:55:34, 52,1.232421875
2025-07-11 09:55:36, 52,1.1806640625
2025-07-11 09:55:37, 52,1.2021484375
2025-07-11 09:55:38, 52,1.2001953125
2025-07-11 09:55:39, 52,1.01953125
2025-07-11 09:55:40, 52,1.2919921875
2025-07-11 09:55:42, 52,1.2666015625
2025-07-11 09:55:43, 52,1.2587890625
2025-07-11 09:55:44, 52,1.2509765625
2025-07-11 09:55:45, 51,1.20703125
2025-07-11 09:55:46, 51,1.2470703125
2025-07-11 09:55:48, 51,1.25
2025-07-11 09:55:49, 50,1.12109375
2025-07-11 09:55:50, 49,1.28125
2025-07-11 09:55:51, 49,1.0439453125
2025-07-11 09:55:52, 49,0.7001953125
2025-07-11 09:55:53, 49,1.2099609375
2025-07-11 09:55:54, 49,0.9072265625
2025-07-11 09:55:55, 49,0.9482421875
2025-07-11 09:55:56, 49,0.890625
2025-07-11 09:55:57, 49,0.837890625
2025-07-11 09:55:58, 49,0.8486328125
2025-07-11 09:55:58, 49,0.802734375
2025-07-11 09:55:59, 49,0.892578125
2025-07-11 09:56:00, 49,0.896484375
2025-07-11 09:56:01, 49,0.68359375
2025-07-11 09:56:03, 49,1.10546875
2025-07-11 09:56:03, 49,1.0126953125
2025-07-11 09:56:04, 49,0.9755859375
2025-07-11 09:56:05, 51,0.88671875
2025-07-11 09:56:06, 51,0.89453125
2025-07-11 09:56:07, 53,0.9052734375
2025-07-11 09:56:07, 53,0.68359375
2025-07-11 09:56:08, 53,1.2275390625
2025-07-11 09:56:10, 53,1.1767578125
2025-07-11 09:56:11, 54,1.001953125
2025-07-11 09:56:11, 54,0.6767578125
2025-07-11 09:56:12, 55,1.1103515625
2025-07-11 09:56:13, 55,0.90234375
2025-07-11 09:56:14, 55,0.8984375
2025-07-11 09:56:15, 55,0.8232421875
2025-07-11 09:56:16, 55,0.85546875
2025-07-11 09:56:17, 55,0.8525390625
2025-07-11 09:56:18, 55,0.822265625
2025-07-11 09:56:18, 55,0.822265625
2025-07-11 09:56:19, 55,0.7783203125
2025-07-11 09:56:20, 55,0.7705078125
2025-07-11 09:56:21, 55,0.75390625
2025-07-11 09:56:21, 55,0.732421875
2025-07-11 09:56:22, 58,0.7421875
2025-07-11 09:56:23, 58,0.7333984375
2025-07-11 09:56:24, 64,0.744140625
2025-07-11 09:56:24, 64,0.7734375
2025-07-11 09:56:25, 68,0.7880859375
2025-07-11 09:56:26, 68,0.8232421875
2025-07-11 09:56:27, 71,0.8017578125
2025-07-11 09:56:29, 73,0.822265625
2025-07-11 09:56:29, 73,0.814453125
2025-07-11 09:56:30, 73,0.7900390625
2025-07-11 09:56:30, 74,0.8095703125
2025-07-11 09:56:31, 74,0.783203125
2025-07-11 09:56:32, 76,0.80078125
2025-07-11 09:56:32, 76,0.7978515625
2025-07-11 09:56:33, 75,0.7958984375
2025-07-11 09:56:35, 75,0.783203125
2025-07-11 09:56:35, 75,0.818359375
2025-07-11 09:56:36, 75,0.8125
2025-07-11 09:56:37, 74,0.8125
2025-07-11 09:56:37, 74,0.875
2025-07-11 09:56:38, 74,0.6728515625
2025-07-11 09:56:39, 74,0.9150390625
2025-07-11 09:56:41, 74,0.6708984375
2025-07-11 09:56:41, 73,0.947265625
2025-07-11 09:56:41, 73,0.6171875
2025-07-11 09:56:42, 73,0.865234375
2025-07-11 09:56:43, 73,0.76171875
2025-07-11 09:56:45, 74,0.7529296875
2025-07-11 09:56:45, 74,0.755859375
2025-07-11 09:56:45, 74,0.7705078125
2025-07-11 09:56:46, 74,0.732421875
2025-07-11 09:56:47, 74,0.77734375
2025-07-11 09:56:47, 74,0.7900390625
2025-07-11 09:56:48, 74,0.79296875
2025-07-11 09:56:49, 74,0.7890625
2025-07-11 09:56:50, 76,0.755859375
2025-07-11 09:56:50, 76,0.7275390625
2025-07-11 09:56:51, 76,0.71875
2025-07-11 09:56:52, 77,0.775390625
2025-07-11 09:56:53, 79,0.7236328125
2025-07-11 09:56:53, 79,0.7412109375
2025-07-11 09:56:54, 79,0.73046875
2025-07-11 09:56:55, 79,0.720703125
2025-07-11 09:56:56, 80,0.71484375
2025-07-11 09:56:56, 80,0.708984375
2025-07-11 09:56:57, 80,0.7041015625
2025-07-11 09:56:58, 81,0.7041015625
2025-07-11 09:56:58, 81,0.69921875
2025-07-11 09:56:59, 83,0.6953125
2025-07-11 09:57:00, 83,0.6982421875
2025-07-11 09:57:01, 83,0.71875
2025-07-11 09:57:01, 83,0.7314453125
2025-07-11 09:57:02, 83,0.705078125
2025-07-11 09:57:03, 83,0.728515625
2025-07-11 09:57:03, 83,0.74609375
2025-07-11 09:57:04, 83,0.7353515625
2025-07-11 09:57:05, 83,0.755859375
2025-07-11 09:57:06, 83,0.744140625
2025-07-11 09:57:06, 83,0.748046875
2025-07-11 09:57:07, 83,0.7060546875
2025-07-11 09:57:08, 82,0.734375
2025-07-11 09:57:09, 82,0.716796875
2025-07-11 09:57:09, 82,0.6962890625
2025-07-11 09:57:10, 82,0.7109375
2025-07-11 09:57:11, 82,0.70703125
2025-07-11 09:57:11, 82,0.67578125
2025-07-11 09:57:12, 83,0.7001953125
2025-07-11 09:57:13, 83,0.7587890625
2025-07-11 09:57:14, 82,0.72265625
2025-07-11 09:57:14, 82,0.7353515625
2025-07-11 09:57:15, 83,0.712890625
2025-07-11 09:57:16, 83,0.7431640625
2025-07-11 09:57:17, 83,0.7421875
2025-07-11 09:57:17, 83,0.732421875
2025-07-11 09:57:18, 82,0.7294921875
2025-07-11 09:57:19, 82,0.7802734375
2025-07-11 09:57:19, 82,0.705078125
2025-07-11 09:57:20, 82,0.724609375
2025-07-11 09:57:21, 82,0.7255859375
2025-07-11 09:57:22, 81,0.7197265625
2025-07-11 09:57:22, 81,0.7646484375
2025-07-11 09:57:23, 81,0.7734375
2025-07-11 09:57:24, 81,0.76171875
2025-07-11 09:57:25, 81,0.8408203125
2025-07-11 09:57:26, 80,0.8701171875
2025-07-11 09:57:26, 80,0.6162109375
2025-07-11 09:57:27, 80,1.154296875
2025-07-11 09:57:29, 80,1.0966796875
2025-07-11 09:57:29, 80,0.9453125
2025-07-11 09:57:30, 78,0.90234375
2025-07-11 09:57:31, 78,0.6298828125
2025-07-11 09:57:32, 78,1.19921875
2025-07-11 09:57:33, 76,1.05859375
2025-07-11 09:57:34, 76,0.923828125
2025-07-11 09:57:35, 74,0.814453125
2025-07-11 09:57:36, 74,0.8134765625
2025-07-11 09:57:37, 73,0.87109375
2025-07-11 09:57:38, 73,0.9443359375
2025-07-11 09:57:39, 69,1.140625
2025-07-11 09:57:40, 69,0.9443359375
2025-07-11 09:57:41, 69,0.923828125
2025-07-11 09:57:41, 69,0.677734375
2025-07-11 09:57:43, 67,1.2978515625
2025-07-11 09:57:44, 65,1.2451171875
2025-07-11 09:57:45, 63,1.1845703125
2025-07-11 09:57:46, 61,1.2587890625
2025-07-11 09:57:47, 59,1.1865234375
2025-07-11 09:57:49, 57,1.20703125
2025-07-11 09:57:50, 56,1.119140625
2025-07-11 09:57:51, 56,1.005859375
2025-07-11 09:57:52, 56,0.970703125
2025-07-11 09:57:53, 56,0.8701171875
2025-07-11 09:57:54, 56,0.9521484375
2025-07-11 09:57:54, 56,0.693359375
2025-07-11 09:57:56, 56,1.439453125
2025-07-11 09:57:57, 56,1.3203125
2025-07-11 09:57:58, 56,1.259765625
2025-07-11 09:57:59, 54,1.1748046875
2025-07-11 09:58:01, 53,1.1328125
2025-07-11 09:58:02, 53,1.1044921875
2025-07-11 09:58:03, 53,1.1494140625
2025-07-11 09:58:04, 53,1.28515625
2025-07-11 09:58:05, 53,1.1298828125
2025-07-11 09:58:06, 53,1.1669921875
2025-07-11 09:58:08, 53,1.255859375
2025-07-11 09:58:09, 53,1.1689453125
2025-07-11 09:58:10, 53,1.2509765625
2025-07-11 09:58:11, 53,1.1689453125
2025-07-11 09:58:12, 53,0.6982421875
2025-07-11 09:58:13, 52,1.384765625
2025-07-11 09:58:15, 51,1.24609375
2025-07-11 09:58:16, 50,1.267578125
2025-07-11 09:58:17, 49,1.27734375
2025-07-11 09:58:18, 49,1.1806640625
2025-07-11 09:58:20, 49,1.2646484375
2025-07-11 09:58:21, 48,1.2412109375
2025-07-11 09:58:22, 48,1.220703125
2025-07-11 09:58:23, 49,1.2197265625
2025-07-11 09:58:24, 48,1.1962890625
2025-07-11 09:58:26, 48,1.16796875
2025-07-11 09:58:26, 48,0.7060546875
2025-07-11 09:58:28, 48,1.349609375
2025-07-11 09:58:29, 48,1.26953125
2025-07-11 09:58:30, 48,1.208984375
2025-07-11 09:58:31, 48,1.2265625
2025-07-11 09:58:33, 48,1.19140625
2025-07-11 09:58:33, 48,0.7216796875
2025-07-11 09:58:35, 48,1.39453125
2025-07-11 09:58:36, 48,1.2451171875
2025-07-11 09:58:37, 49,1.21875
2025-07-11 09:58:38, 48,1.24609375
2025-07-11 09:58:40, 49,1.1142578125
2025-07-11 09:58:41, 49,1.205078125
2025-07-11 09:58:42, 49,1.1796875
2025-07-11 09:58:43, 49,1.3037109375
2025-07-11 09:58:44, 48,1.2333984375
2025-07-11 09:58:46, 48,1.2607421875
2025-07-11 09:58:47, 48,1.2919921875
2025-07-11 09:58:48, 48,1.1728515625
2025-07-11 09:58:49, 48,1.259765625
2025-07-11 09:58:51, 48,1.1494140625
2025-07-11 09:58:51, 48,0.7158203125
2025-07-11 09:58:53, 48,1.505859375
2025-07-11 09:58:54, 48,1.3232421875
2025-07-11 09:58:56, 48,1.359375
2025-07-11 09:58:57, 48,1.3359375
2025-07-11 09:58:58, 48,1.30078125
2025-07-11 09:58:59, 47,1.259765625
2025-07-11 09:59:01, 47,1.2275390625
2025-07-11 09:59:02, 47,1.2744140625
2025-07-11 09:59:03, 47,1.2685546875
2025-07-11 09:59:04, 47,1.3056640625
2025-07-11 09:59:06, 46,1.3037109375
2025-07-11 09:59:07, 47,1.240234375
2025-07-11 09:59:08, 47,1.2373046875
2025-07-11 09:59:09, 47,1.2099609375
2025-07-11 09:59:11, 47,1.283203125
2025-07-11 09:59:12, 47,1.2216796875
2025-07-11 09:59:13, 47,1.2880859375
2025-07-11 09:59:15, 47,1.244140625
2025-07-11 09:59:16, 47,1.228515625
2025-07-11 09:59:17, 47,1.2744140625
2025-07-11 09:59:18, 47,1.171875
2025-07-11 09:59:19, 47,0.73046875
2025-07-11 09:59:20, 47,1.4130859375
2025-07-11 09:59:22, 47,1.296875
2025-07-11 09:59:23, 47,1.369140625
2025-07-11 09:59:24, 47,1.2783203125
2025-07-11 09:59:25, 47,1.1953125
2025-07-11 09:59:27, 47,1.232421875
2025-07-11 09:59:29, 48,1.193359375
2025-07-11 09:59:29, 47,1.3759765625
2025-07-11 09:59:31, 47,1.2939453125
2025-07-11 09:59:32, 47,1.359375
2025-07-11 09:59:33, 47,1.228515625
2025-07-11 09:59:34, 47,1.2451171875
2025-07-11 09:59:36, 47,1.2509765625
2025-07-11 09:59:37, 47,1.205078125
2025-07-11 09:59:38, 46,1.3251953125
2025-07-11 09:59:39, 47,1.2275390625
2025-07-11 09:59:41, 47,1.3037109375
2025-07-11 09:59:42, 47,1.2041015625
2025-07-11 09:59:43, 48,1.1630859375
2025-07-11 09:59:44, 48,1.197265625
2025-07-11 09:59:45, 48,1.1171875
2025-07-11 09:59:47, 47,1.30078125
2025-07-11 09:59:48, 48,1.2568359375
2025-07-11 09:59:49, 48,1.34765625
2025-07-11 09:59:51, 48,1.328125
2025-07-11 09:59:52, 47,1.2607421875
2025-07-11 09:59:53, 48,1.126953125
2025-07-11 09:59:54, 48,1.07421875
2025-07-11 09:59:55, 48,1.21875
2025-07-11 09:59:58, 48,1.27734375
2025-07-11 09:59:58, 48,1.2705078125
2025-07-11 09:59:59, 48,1.267578125
2025-07-11 10:00:00, 48,1.287109375
2025-07-11 10:00:02, 48,1.1689453125
2025-07-11 10:00:03, 49,0.9921875
2025-07-11 10:00:03, 49,0.9423828125
2025-07-11 10:00:04, 49,0.9423828125
2025-07-11 10:00:05, 50,0.7041015625
2025-07-11 10:00:07, 50,1.49609375
2025-07-11 10:00:08, 50,1.27734375
2025-07-11 10:00:09, 50,1.2744140625
2025-07-11 10:00:10, 50,1.205078125
2025-07-11 10:00:12, 50,1.138671875
2025-07-11 10:00:13, 51,1.19140625
2025-07-11 10:00:14, 52,1.0048828125
2025-07-11 10:00:15, 52,0.912109375
2025-07-11 10:00:17, 54,0.892578125
2025-07-11 10:00:17, 54,0.8291015625
2025-07-11 10:00:17, 57,0.8134765625
2025-07-11 10:00:18, 57,0.796875
2025-07-11 10:00:19, 61,0.8232421875
2025-07-11 10:00:20, 65,0.8408203125
2025-07-11 10:00:20, 65,0.78515625
2025-07-11 10:00:21, 65,0.7978515625
2025-07-11 10:00:22, 69,0.7783203125
2025-07-11 10:00:23, 69,0.7666015625
2025-07-11 10:00:24, 71,0.7822265625
2025-07-11 10:00:24, 71,0.771484375
2025-07-11 10:00:25, 73,0.5888671875
2025-07-11 10:00:26, 73,0.8408203125
2025-07-11 10:00:27, 74,0.8173828125
2025-07-11 10:00:28, 74,0.8115234375
2025-07-11 10:00:28, 74,0.8046875
2025-07-11 10:00:29, 74,0.8583984375
2025-07-11 10:00:30, 74,0.8916015625
2025-07-11 10:00:31, 74,0.86328125
2025-07-11 10:00:32, 73,0.85546875
2025-07-11 10:00:33, 73,0.904296875
2025-07-11 10:00:33, 73,0.67578125
2025-07-11 10:00:35, 73,1.201171875
2025-07-11 10:00:36, 72,1.0107421875
2025-07-11 10:00:37, 72,0.970703125
2025-07-11 10:00:38, 70,0.927734375
2025-07-11 10:00:38, 70,0.861328125
2025-07-11 10:00:39, 69,0.8271484375
2025-07-11 10:00:40, 69,0.9091796875
2025-07-11 10:00:41, 69,0.6806640625
2025-07-11 10:00:42, 69,1.2734375
2025-07-11 10:00:43, 69,0.908203125
2025-07-11 10:00:44, 67,0.9609375
2025-07-11 10:00:45, 66,1.0087890625
2025-07-11 10:00:46, 66,0.6650390625
2025-07-11 10:00:47, 65,1.158203125
2025-07-11 10:00:48, 65,0.91796875
2025-07-11 10:00:49, 65,0.8408203125
2025-07-11 10:00:49, 65,0.8115234375
2025-07-11 10:00:50, 65,0.826171875
2025-07-11 10:00:51, 65,0.8662109375
2025-07-11 10:00:53, 65,0.849609375
2025-07-11 10:00:53, 65,0.8359375
2025-07-11 10:00:54, 65,0.8798828125
2025-07-11 10:00:54, 65,0.6728515625
2025-07-11 10:00:55, 64,1.0693359375
2025-07-11 10:00:56, 63,1.1484375
2025-07-11 10:00:58, 62,1.1337890625
2025-07-11 10:00:58, 62,0.69921875
2025-07-11 10:01:00, 60,1.2021484375
2025-07-11 10:01:00, 60,0.96875
2025-07-11 10:01:01, 60,0.8828125
2025-07-11 10:01:02, 60,0.7919921875
2025-07-11 10:01:04, 60,0.7666015625
2025-07-11 10:01:04, 60,0.740234375
2025-07-11 10:01:04, 60,0.7607421875
2025-07-11 10:01:05, 60,0.787109375
2025-07-11 10:01:06, 60,0.7841796875
2025-07-11 10:01:07, 60,0.7880859375
2025-07-11 10:01:08, 60,0.7900390625
2025-07-11 10:01:08, 60,0.7265625
2025-07-11 10:01:10, 62,0.7392578125
2025-07-11 10:01:10, 65,0.7177734375
2025-07-11 10:01:10, 65,0.6962890625
2025-07-11 10:01:11, 65,0.681640625
2025-07-11 10:01:12, 68,0.6845703125
2025-07-11 10:01:13, 71,0.7138671875
2025-07-11 10:01:13, 71,0.740234375
2025-07-11 10:01:14, 71,0.76171875
2025-07-11 10:01:15, 74,0.779296875
2025-07-11 10:01:17, 78,0.7392578125
2025-07-11 10:01:17, 78,0.8408203125
2025-07-11 10:01:17, 78,0.85546875
2025-07-11 10:01:18, 79,0.640625
2025-07-11 10:01:20, 80,0.8427734375
2025-07-11 10:01:20, 80,0.75
2025-07-11 10:01:21, 80,0.7314453125
2025-07-11 10:01:21, 80,0.712890625
2025-07-11 10:01:22, 80,0.693359375
2025-07-11 10:01:22, 80,0.7138671875
2025-07-11 10:01:23, 80,0.7001953125
2025-07-11 10:01:24, 80,0.6904296875
2025-07-11 10:01:24, 80,0.6787109375
2025-07-11 10:01:25, 81,0.6650390625
2025-07-11 10:01:26, 83,0.658203125
2025-07-11 10:01:26, 83,0.6484375
2025-07-11 10:01:27, 83,0.63671875
2025-07-11 10:01:28, 86,0.6337890625
2025-07-11 10:01:28, 86,0.625
2025-07-11 10:01:29, 89,0.6044921875
2025-07-11 10:01:29, 89,0.6083984375
2025-07-11 10:01:30, 91,0.6044921875
2025-07-11 10:01:32, 93,0.5966796875
2025-07-11 10:01:32, 93,0.61328125
2025-07-11 10:01:32, 93,0.623046875
2025-07-11 10:01:33, 94,0.6494140625
2025-07-11 10:01:33, 94,0.677734375
2025-07-11 10:01:34, 94,0.6630859375
2025-07-11 10:01:35, 94,0.724609375
2025-07-11 10:01:35, 94,0.755859375
2025-07-11 10:01:36, 94,0.7294921875
2025-07-11 10:01:37, 92,0.7705078125
2025-07-11 10:01:38, 90,0.740234375
2025-07-11 10:01:38, 90,0.7197265625
2025-07-11 10:01:39, 90,0.736328125
2025-07-11 10:01:40, 87,0.7216796875
2025-07-11 10:01:41, 85,0.703125
2025-07-11 10:01:41, 85,0.69921875
2025-07-11 10:01:42, 85,0.673828125
2025-07-11 10:01:43, 84,0.6611328125
2025-07-11 10:01:43, 84,0.6728515625
2025-07-11 10:01:44, 84,0.681640625
2025-07-11 10:01:45, 84,0.6865234375
2025-07-11 10:01:45, 84,0.7177734375
2025-07-11 10:01:46, 84,0.8037109375
2025-07-11 10:01:47, 84,0.796875
2025-07-11 10:01:48, 83,0.8525390625
2025-07-11 10:01:48, 83,0.599609375
2025-07-11 10:01:49, 83,0.9755859375
2025-07-11 10:01:50, 83,0.6123046875
2025-07-11 10:01:51, 83,0.91015625
2025-07-11 10:01:52, 81,0.7861328125
2025-07-11 10:01:52, 81,0.7529296875
2025-07-11 10:01:53, 80,0.767578125
2025-07-11 10:01:54, 80,0.76171875
2025-07-11 10:01:55, 79,0.7548828125
2025-07-11 10:01:55, 79,0.794921875
2025-07-11 10:01:57, 77,0.7734375
2025-07-11 10:01:58, 77,0.7861328125
2025-07-11 10:02:00, 76,0.80078125
2025-07-11 10:02:00, 75,0.796875
2025-07-11 10:02:00, 75,0.8193359375
2025-07-11 10:02:00, 75,0.6181640625
2025-07-11 10:02:01, 74,1.0068359375
2025-07-11 10:02:02, 74,0.9140625
2025-07-11 10:02:04, 74,0.89453125
2025-07-11 10:02:04, 74,0.8173828125
2025-07-11 10:02:07, 74,0.875
2025-07-11 10:02:07, 74,0.8916015625
2025-07-11 10:02:07, 73,0.59765625
2025-07-11 10:02:07, 72,1.0205078125
2025-07-11 10:02:08, 72,0.9248046875
2025-07-11 10:02:11, 70,0.849609375
2025-07-11 10:02:11, 70,0.8095703125
2025-07-11 10:02:11, 70,0.740234375
2025-07-11 10:02:12, 70,0.740234375
2025-07-11 10:02:13, 71,0.7294921875
2025-07-11 10:02:13, 71,0.7255859375
2025-07-11 10:02:13, 71,0.7705078125
2025-07-11 10:02:15, 71,0.7392578125
2025-07-11 10:02:15, 74,0.7900390625
2025-07-11 10:02:16, 74,0.7421875
2025-07-11 10:02:17, 75,0.841796875
2025-07-11 10:02:17, 75,0.625
2025-07-11 10:02:19, 75,0.89453125
2025-07-11 10:02:19, 75,0.6259765625
2025-07-11 10:02:20, 74,0.9423828125
2025-07-11 10:02:20, 74,0.60546875
2025-07-11 10:02:21, 75,0.8623046875
2025-07-11 10:02:22, 75,0.751953125
2025-07-11 10:02:23, 77,0.75
2025-07-11 10:02:23, 77,0.810546875
2025-07-11 10:02:24, 77,0.7685546875
2025-07-11 10:02:25, 77,0.9599609375
2025-07-11 10:02:26, 75,0.890625
2025-07-11 10:02:27, 75,0.8837890625
2025-07-11 10:02:28, 74,0.806640625
2025-07-11 10:02:28, 74,0.7939453125
2025-07-11 10:02:29, 73,0.7529296875
2025-07-11 10:02:30, 73,0.7431640625
2025-07-11 10:02:31, 74,0.75390625
2025-07-11 10:02:31, 74,0.73046875
2025-07-11 10:02:32, 76,0.712890625
2025-07-11 10:02:33, 76,0.7314453125
2025-07-11 10:02:34, 78,0.71484375
2025-07-11 10:02:34, 78,0.755859375
2025-07-11 10:02:35, 78,0.7421875
2025-07-11 10:02:36, 78,0.7421875
2025-07-11 10:02:37, 79,0.72265625
2025-07-11 10:02:37, 79,0.7373046875
2025-07-11 10:02:38, 81,0.70703125
2025-07-11 10:02:39, 81,0.70703125
2025-07-11 10:02:39, 81,0.6904296875
2025-07-11 10:02:40, 81,0.69140625
2025-07-11 10:02:41, 82,0.6962890625
2025-07-11 10:02:43, 83,0.6689453125
2025-07-11 10:02:43, 83,0.6650390625
2025-07-11 10:02:43, 85,0.6591796875
2025-07-11 10:02:43, 85,0.6259765625
2025-07-11 10:02:44, 85,0.625
2025-07-11 10:02:45, 86,0.654296875
2025-07-11 10:02:45, 86,0.642578125
2025-07-11 10:02:46, 88,0.6328125
2025-07-11 10:02:47, 89,0.634765625
2025-07-11 10:02:47, 89,0.7373046875
2025-07-11 10:02:49, 89,1.12890625
2025-07-11 10:02:50, 89,1.01953125
2025-07-11 10:02:51, 89,0.9912109375
2025-07-11 10:02:51, 89,0.9755859375
2025-07-11 10:02:52, 89,0.96875
2025-07-11 10:02:53, 90,0.6376953125
2025-07-11 10:02:54, 90,1.0400390625
2025-07-11 10:02:55, 90,0.95703125
2025-07-11 10:02:56, 90,0.9267578125
2025-07-11 10:02:57, 90,0.8564453125
2025-07-11 10:02:59, 91,0.6435546875
2025-07-11 10:02:59, 91,0.8642578125
2025-07-11 10:02:59, 91,0.7041015625
2025-07-11 10:03:00, 91,0.69921875
2025-07-11 10:03:00, 91,0.6884765625
2025-07-11 10:03:01, 91,0.68359375
2025-07-11 10:03:02, 90,0.6904296875
2025-07-11 10:03:03, 89,0.68359375
2025-07-11 10:03:03, 89,0.6953125
2025-07-11 10:03:05, 89,0.744140625
2025-07-11 10:03:05, 88,0.7421875
2025-07-11 10:03:05, 88,0.7314453125
2025-07-11 10:03:06, 85,0.7529296875
2025-07-11 10:03:07, 85,0.763671875
2025-07-11 10:03:08, 84,0.79296875
2025-07-11 10:03:09, 82,0.759765625
2025-07-11 10:03:09, 82,0.763671875
2025-07-11 10:03:10, 82,0.7431640625
2025-07-11 10:03:11, 81,0.7470703125
2025-07-11 10:03:11, 81,0.705078125
2025-07-11 10:03:12, 81,0.732421875
2025-07-11 10:03:13, 81,0.7158203125
2025-07-11 10:03:14, 80,0.724609375
2025-07-11 10:03:14, 80,0.7275390625
2025-07-11 10:03:15, 80,0.70703125
2025-07-11 10:03:16, 80,0.708984375
2025-07-11 10:03:17, 81,0.6923828125
2025-07-11 10:03:17, 81,0.6826171875
2025-07-11 10:03:18, 81,0.787109375
2025-07-11 10:03:19, 81,0.9306640625
2025-07-11 10:03:20, 81,0.6171875
2025-07-11 10:03:21, 81,0.98828125
2025-07-11 10:03:21, 81,0.8408203125
2025-07-11 10:03:22, 81,0.8046875
2025-07-11 10:03:23, 80,0.7666015625
2025-07-11 10:03:24, 79,0.7607421875
2025-07-11 10:03:24, 79,0.734375
2025-07-11 10:03:25, 79,0.73046875
2025-07-11 10:03:26, 79,0.7314453125
2025-07-11 10:03:27, 79,0.7138671875
2025-07-11 10:03:27, 79,0.7734375
2025-07-11 10:03:29, 79,0.814453125
2025-07-11 10:03:29, 77,0.7763671875
2025-07-11 10:03:30, 77,0.755859375
2025-07-11 10:03:30, 77,0.7646484375
2025-07-11 10:03:31, 77,0.7607421875
2025-07-11 10:03:33, 78,0.8359375
2025-07-11 10:03:35, 78,0.6435546875
2025-07-11 10:03:35, 78,1.015625
2025-07-11 10:03:35, 77,1.0283203125
2025-07-11 10:03:38, 76,1.025390625
2025-07-11 10:03:38, 76,0.626953125
2025-07-11 10:03:40, 74,1.02734375
2025-07-11 10:03:40, 74,0.86328125
2025-07-11 10:03:40, 71,1.0234375
2025-07-11 10:03:40, 71,0.94921875
2025-07-11 10:03:42, 67,1.009765625
2025-07-11 10:03:42, 67,0.859375
2025-07-11 10:03:43, 67,0.8115234375
2025-07-11 10:03:44, 67,0.7548828125
2025-07-11 10:03:44, 67,0.7646484375
2025-07-11 10:03:46, 67,0.732421875
2025-07-11 10:03:46, 67,0.712890625
2025-07-11 10:03:47, 69,0.724609375
2025-07-11 10:03:47, 69,0.77734375
2025-07-11 10:03:49, 69,0.97265625
2025-07-11 10:03:50, 69,1.0478515625
2025-07-11 10:03:51, 69,1.0576171875
2025-07-11 10:03:51, 69,0.875
2025-07-11 10:03:53, 71,0.85546875
2025-07-11 10:03:53, 71,0.6572265625
2025-07-11 10:03:54, 72,0.9755859375
2025-07-11 10:03:55, 72,0.634765625
2025-07-11 10:03:56, 71,1.083984375
2025-07-11 10:03:57, 71,1.001953125
2025-07-11 10:04:00, 72,0.9638671875
2025-07-11 10:04:00, 72,0.8251953125
2025-07-11 10:04:00, 72,0.8466796875
2025-07-11 10:04:00, 72,0.814453125
2025-07-11 10:04:02, 72,0.78515625
2025-07-11 10:04:03, 71,0.802734375
2025-07-11 10:04:03, 71,0.7880859375
2025-07-11 10:04:03, 71,0.77734375
2025-07-11 10:04:05, 71,0.7890625
2025-07-11 10:04:05, 71,0.775390625
2025-07-11 10:04:06, 72,0.7744140625
2025-07-11 10:04:06, 72,0.736328125
2025-07-11 10:04:07, 72,0.7880859375
2025-07-11 10:04:08, 74,0.8486328125
2025-07-11 10:04:09, 74,0.86328125
2025-07-11 10:04:09, 74,0.6474609375
2025-07-11 10:04:12, 74,1.1171875
2025-07-11 10:04:12, 74,1.1044921875
2025-07-11 10:04:13, 74,1.013671875
2025-07-11 10:04:14, 74,0.9892578125
2025-07-11 10:04:15, 73,0.93359375
2025-07-11 10:04:16, 72,0.9296875
2025-07-11 10:04:16, 72,0.8583984375
2025-07-11 10:04:17, 72,0.86328125
2025-07-11 10:04:18, 71,0.90234375
2025-07-11 10:04:19, 71,0.638671875
2025-07-11 10:04:20, 69,1.083984375
2025-07-11 10:04:21, 69,0.953125
2025-07-11 10:04:22, 67,0.912109375
2025-07-11 10:04:23, 66,0.8515625
2025-07-11 10:04:23, 66,0.837890625
2025-07-11 10:04:24, 66,0.841796875
2025-07-11 10:04:25, 66,0.8251953125
2025-07-11 10:04:26, 66,0.84765625
2025-07-11 10:04:28, 67,0.8095703125
2025-07-11 10:04:29, 68,0.8662109375
2025-07-11 10:04:29, 68,0.87890625
2025-07-11 10:04:29, 68,0.6572265625
2025-07-11 10:04:31, 68,1.0556640625
2025-07-11 10:04:31, 68,0.9150390625
2025-07-11 10:04:32, 67,0.9189453125
2025-07-11 10:04:33, 67,0.81640625
2025-07-11 10:04:35, 69,0.8193359375
2025-07-11 10:04:35, 69,0.806640625
2025-07-11 10:04:36, 70,0.814453125
2025-07-11 10:04:36, 70,0.8291015625
2025-07-11 10:04:37, 71,0.7841796875
2025-07-11 10:04:39, 71,0.7841796875
2025-07-11 10:04:39, 71,0.8046875
2025-07-11 10:04:39, 71,0.7880859375
2025-07-11 10:04:40, 71,0.875
2025-07-11 10:04:41, 71,0.87890625
2025-07-11 10:04:44, 71,0.6455078125
2025-07-11 10:04:44, 71,1.06640625
2025-07-11 10:04:45, 71,1.0185546875
2025-07-11 10:04:46, 71,0.8974609375
2025-07-11 10:04:46, 71,0.8837890625
2025-07-11 10:04:46, 71,0.83984375
2025-07-11 10:04:47, 71,0.869140625
2025-07-11 10:04:48, 71,0.9150390625
2025-07-11 10:04:49, 69,0.9462890625
2025-07-11 10:04:50, 68,1.0244140625
2025-07-11 10:04:52, 68,0.9140625
2025-07-11 10:04:53, 66,0.908203125
2025-07-11 10:04:53, 66,0.8427734375
2025-07-11 10:04:54, 65,0.9111328125
2025-07-11 10:04:54, 65,0.646484375
2025-07-11 10:04:56, 64,1.0439453125
2025-07-11 10:04:56, 64,1.0205078125
2025-07-11 10:04:57, 64,0.9619140625
2025-07-11 10:04:59, 64,0.9287109375
2025-07-11 10:04:59, 64,0.8271484375
2025-07-11 10:05:00, 65,0.841796875
2025-07-11 10:05:02, 65,0.8193359375
2025-07-11 10:05:02, 66,0.7919921875
2025-07-11 10:05:02, 66,0.8349609375
2025-07-11 10:05:04, 67,0.7958984375
2025-07-11 10:05:05, 67,0.796875
2025-07-11 10:05:05, 69,0.8154296875
2025-07-11 10:05:06, 69,0.810546875
2025-07-11 10:05:08, 70,0.892578125
2025-07-11 10:05:08, 70,0.6044921875
2025-07-11 10:05:09, 70,1.140625
2025-07-11 10:05:09, 70,1.12109375
2025-07-11 10:05:10, 70,0.9873046875
2025-07-11 10:05:11, 70,0.8857421875
2025-07-11 10:05:12, 70,0.8388671875
2025-07-11 10:05:13, 71,0.8291015625
2025-07-11 10:05:15, 72,0.7529296875
2025-07-11 10:05:15, 72,0.765625
2025-07-11 10:05:15, 72,0.74609375
2025-07-11 10:05:17, 73,0.8017578125
2025-07-11 10:05:18, 73,0.8388671875
2025-07-11 10:05:18, 72,0.8828125
2025-07-11 10:05:19, 72,0.931640625
2025-07-11 10:05:21, 71,0.9169921875
2025-07-11 10:05:21, 71,0.9599609375
2025-07-11 10:05:22, 69,0.9853515625
2025-07-11 10:05:22, 69,0.6494140625
2025-07-11 10:05:23, 68,0.998046875
2025-07-11 10:05:25, 68,0.6416015625
2025-07-11 10:05:26, 68,0.974609375
2025-07-11 10:05:26, 68,0.6435546875
2025-07-11 10:05:26, 68,0.9833984375
2025-07-11 10:05:27, 68,0.83984375
2025-07-11 10:05:29, 68,0.623046875
2025-07-11 10:05:29, 68,1.1142578125
2025-07-11 10:05:30, 68,1.0712890625
2025-07-11 10:05:32, 68,0.912109375
2025-07-11 10:05:32, 66,0.8671875
2025-07-11 10:05:34, 66,0.8291015625
2025-07-11 10:05:35, 66,0.8505859375
2025-07-11 10:05:35, 66,0.6298828125
2025-07-11 10:05:35, 65,0.982421875
2025-07-11 10:05:36, 65,0.62109375
2025-07-11 10:05:38, 64,0.966796875
2025-07-11 10:05:38, 64,0.62890625
2025-07-11 10:05:38, 64,1.0185546875
2025-07-11 10:05:39, 64,0.873046875
2025-07-11 10:05:40, 64,0.923828125
2025-07-11 10:05:42, 64,0.927734375
2025-07-11 10:05:43, 65,0.8642578125
2025-07-11 10:05:43, 65,0.6552734375
2025-07-11 10:05:45, 65,0.96484375
2025-07-11 10:05:45, 65,0.6162109375
2025-07-11 10:05:46, 65,0.9765625
2025-07-11 10:05:47, 65,0.625
2025-07-11 10:05:47, 65,1.02734375
2025-07-11 10:05:48, 65,0.8798828125
2025-07-11 10:05:49, 65,0.8955078125
2025-07-11 10:05:51, 65,0.9052734375
2025-07-11 10:05:51, 65,0.80859375
2025-07-11 10:05:51, 65,0.8076171875
2025-07-11 10:05:52, 66,0.82421875
2025-07-11 10:05:53, 66,0.81640625
2025-07-11 10:05:54, 68,0.8046875
2025-07-11 10:05:54, 68,0.8154296875
2025-07-11 10:05:55, 69,0.8095703125
2025-07-11 10:05:56, 69,0.8271484375
2025-07-11 10:05:57, 70,0.802734375
2025-07-11 10:05:58, 70,0.7978515625
2025-07-11 10:05:59, 72,0.8818359375
2025-07-11 10:05:59, 72,0.8642578125
2025-07-11 10:06:00, 72,0.6328125
2025-07-11 10:06:01, 72,0.9794921875
2025-07-11 10:06:02, 72,0.6416015625
2025-07-11 10:06:03, 72,0.9658203125
2025-07-11 10:06:03, 72,0.638671875
2025-07-11 10:06:04, 72,0.951171875
2025-07-11 10:06:06, 71,0.6376953125
2025-07-11 10:06:06, 71,0.8984375
2025-07-11 10:06:06, 71,0.6337890625
2025-07-11 10:06:07, 70,1.0380859375
2025-07-11 10:06:08, 70,0.8115234375
2025-07-11 10:06:09, 69,1.0078125
2025-07-11 10:06:10, 69,0.865234375
2025-07-11 10:06:11, 68,0.8115234375
2025-07-11 10:06:12, 68,0.7880859375
2025-07-11 10:06:12, 68,0.7626953125
2025-07-11 10:06:13, 68,0.732421875
2025-07-11 10:06:15, 69,0.69921875
2025-07-11 10:06:16, 71,0.6875
2025-07-11 10:06:16, 71,0.6796875
2025-07-11 10:06:16, 71,0.6630859375
2025-07-11 10:06:18, 75,0.6533203125
2025-07-11 10:06:18, 75,0.6611328125
2025-07-11 10:06:18, 80,0.6435546875
2025-07-11 10:06:20, 84,0.6650390625
2025-07-11 10:06:20, 84,0.66015625
2025-07-11 10:06:21, 84,0.6650390625
2025-07-11 10:06:21, 86,0.7314453125
2025-07-11 10:06:21, 86,0.71875
2025-07-11 10:06:22, 87,0.7626953125
2025-07-11 10:06:24, 87,0.7294921875
2025-07-11 10:06:24, 87,0.724609375
2025-07-11 10:06:24, 87,0.6943359375
2025-07-11 10:06:25, 87,0.6884765625
2025-07-11 10:06:26, 86,0.6943359375
2025-07-11 10:06:26, 86,0.7314453125
2025-07-11 10:06:27, 86,0.73046875
2025-07-11 10:06:31, 85,0.8291015625
2025-07-11 10:06:31, 82,0.775390625
2025-07-11 10:06:31, 82,0.796875
2025-07-11 10:06:31, 82,0.626953125
2025-07-11 10:06:34, 82,1.03515625
2025-07-11 10:06:34, 82,0.8837890625
2025-07-11 10:06:34, 80,0.7861328125
2025-07-11 10:06:35, 80,0.7822265625
2025-07-11 10:06:35, 80,0.7138671875
